taxi_type,source_file,output_path,year,month,landing_row_count,raw_row_count,landing_column_count,raw_column_count,ingestion_timestamp,status
yellow,Yellow Taxi Data Apr 2024.parquet,data/raw/yellow/yellow-04-24.parquet,2024,4,3514289,3514289,19,20,2026-08-28T05:58:56.496530+00:00,ok
yellow,Yellow Taxi Data Apr 2025.parquet,data/raw/yellow/yellow-04-25.parquet,2025,4,3970553,3970553,20,20,2026-08-28T05:59:05.178891+00:00,ok
yellow,Yellow Taxi Data Apr 2026.parquet,data/raw/yellow/yellow-04-26.parquet,2026,4,3831240,3831240,20,20,2026-08-28T05:59:11.881194+00:00,ok
yellow,Yellow Taxi Data Aug 2024.parquet,data/raw/yellow/yellow-08-24.parquet,2024,8,2979183,2979183,19,20,2026-08-28T05:59:17.802875+00:00,ok
yellow,Yellow Taxi Data Aug 2025.parquet,data/raw/yellow/yellow-08-25.parquet,2025,8,3574091,3574091,20,20,2026-08-28T05:59:22.611685+00:00,ok
yellow,Yellow Taxi Data Dec 2024.parquet,data/raw/yellow/yellow-12-24.parquet,2024,12,3668371,3668371,19,20,2026-08-28T05:59:27.997590+00:00,ok
yellow,Yellow Taxi Data Dec 2025.parquet,data/raw/yellow/yellow-12-25.parquet,2025,12,4305006,4305006,20,20,2026-08-28T05:59:33.448047+00:00,ok
yellow,Yellow Taxi Data Feb 2024.parquet,data/raw/yellow/yellow-02-24.parquet,2024,2,3007526,3007526,19,20,2026-08-28T05:59:39.680060+00:00,ok
yellow,Yellow Taxi Data Feb 2025.parquet,data/raw/yellow/yellow-02-25.parquet,2025,2,3577543,3577543,20,20,2026-08-28T05:59:44.344505+00:00,ok
yellow,Yellow Taxi Data Feb 2026.parquet,data/raw/yellow/yellow-02-26.parquet,2026,2,3399866,3399866,20,20,2026-08-28T05:59:49.890697+00:00,ok
yellow,Yellow Taxi Data Jan 2024.parquet,data/raw/yellow/yellow-01-24.parquet,2024,1,2964624,2964624,19,20,2026-08-28T05:59:55.032098+00:00,ok
yellow,Yellow Taxi Data Jan 2025.parquet,data/raw/yellow/yellow-01-25.parquet,2025,1,3475226,3475226,20,20,2026-08-28T05:59:59.704196+00:00,ok
yellow,Yellow Taxi Data Jan 2026.parquet,data/raw/yellow/yellow-01-26.parquet,2026,1,3724889,3724889,20,20,2026-08-28T06:00:05.175356+00:00,ok
yellow,Yellow Taxi Data July 2024.parquet,data/raw/yellow/yellow-07-24.parquet,2024,7,3076903,3076903,19,20,2026-08-28T06:00:10.829850+00:00,ok
yellow,Yellow Taxi Data July 2025.parquet,data/raw/yellow/yellow-07-25.parquet,2025,7,3898963,3898963,20,20,2026-08-28T06:00:15.710631+00:00,ok
yellow,Yellow Taxi Data June 2024.parquet,data/raw/yellow/yellow-06-24.parquet,2024,6,3539193,3539193,19,20,2026-08-28T06:00:21.739333+00:00,ok
yellow,Yellow Taxi Data June 2025.parquet,data/raw/yellow/yellow-06-25.parquet,2025,6,4322960,4322960,20,20,2026-08-28T06:00:27.234995+00:00,ok
yellow,Yellow Taxi Data Mar 2024.parquet,data/raw/yellow/yellow-03-24.parquet,2024,3,3582628,3582628,19,20,2026-08-28T06:00:33.708071+00:00,ok
yellow,Yellow Taxi Data Mar 2025.parquet,data/raw/yellow/yellow-03-25.parquet,2025,3,4145257,4145257,20,20,2026-08-28T06:00:39.065759+00:00,ok
yellow,Yellow Taxi Data Mar 2026.parquet,data/raw/yellow/yellow-03-26.parquet,2026,3,3952451,3952451,20,20,2026-08-28T06:00:45.226725+00:00,ok
yellow,Yellow Taxi Data May 2024.parquet,data/raw/yellow/yellow-05-24.parquet,2024,5,3723833,3723833,19,20,2026-08-28T06:00:51.097476+00:00,ok
yellow,Yellow Taxi Data May 2025.parquet,data/raw/yellow/yellow-05-25.parquet,2025,5,4591845,4591845,20,20,2026-08-28T06:00:56.639432+00:00,ok
yellow,Yellow Taxi Data May 2026.parquet,data/raw/yellow/yellow-05-26.parquet,2026,5,4090836,4090836,20,20,2026-08-28T06:01:03.378181+00:00,ok
yellow,Yellow Taxi Data Nov 2024.parquet,data/raw/yellow/yellow-11-24.parquet,2024,11,3646369,3646369,19,20,2026-08-28T06:01:09.594776+00:00,ok
yellow,Yellow Taxi Data Nov 2025.parquet,data/raw/yellow/yellow-11-25.parquet,2025,11,4181444,4181444,20,20,2026-08-28T06:01:15.030322+00:00,ok
yellow,Yellow Taxi Data Oct 2024.parquet,data/raw/yellow/yellow-10-24.parquet,2024,10,3833771,3833771,19,20,2026-08-28T06:01:21.342909+00:00,ok
yellow,Yellow Taxi Data Oct 2025.parquet,data/raw/yellow/yellow-10-25.parquet,2025,10,4428699,4428699,20,20,2026-08-28T06:01:27.141532+00:00,ok
yellow,Yellow Taxi Data Sept 2024.parquet,data/raw/yellow/yellow-09-24.parquet,2024,9,3633030,3633030,19,20,2026-08-28T06:01:33.718845+00:00,ok
yellow,Yellow Taxi Data Sept 2025.parquet,data/raw/yellow/yellow-09-25.parquet,2025,9,4251015,4251015,20,20,2026-08-28T06:01:39.151957+00:00,ok
green,Green Trip Data Apr 2024.parquet,data/raw/green/green-04-24.parquet,2024,4,56471,56471,20,21,2026-08-28T06:01:45.399387+00:00,ok
green,Green Trip Data Apr 2025.parquet,data/raw/green/green-04-25.parquet,2025,4,52132,52132,21,21,2026-08-28T06:01:45.987499+00:00,ok
green,Green Trip Data Apr 2026.parquet,data/raw/green/green-04-26.parquet,2026,4,44238,44238,21,21,2026-08-28T06:01:46.565151+00:00,ok
green,Green Trip Data Aug 2024.parquet,data/raw/green/green-08-24.parquet,2024,8,51771,51771,20,21,2026-08-28T06:01:47.058841+00:00,ok
green,Green Trip Data Aug 2025.parquet,data/raw/green/green-08-25.parquet,2025,8,46306,46306,21,21,2026-08-28T06:01:47.564516+00:00,ok
green,Green Trip Data Dec 2024.parquet,data/raw/green/green-12-24.parquet,2024,12,53994,53994,20,21,2026-08-28T06:01:48.024473+00:00,ok
green,Green Trip Data Dec 2025.parquet,data/raw/green/green-12-25.parquet,2025,12,48236,48236,21,21,2026-08-28T06:01:48.500557+00:00,ok
green,Green Trip Data Feb 2024.parquet,data/raw/green/green-02-24.parquet,2024,2,53577,53577,20,21,2026-08-28T06:01:48.950629+00:00,ok
green,Green Trip Data Feb 2025.parquet,data/raw/green/green-02-25.parquet,2025,2,46621,46621,21,21,2026-08-28T06:01:49.429646+00:00,ok
green,Green Trip Data Feb 2026.parquet,data/raw/green/green-02-26.parquet,2026,2,37373,37373,21,21,2026-08-28T06:01:49.878411+00:00,ok
green,Green Trip Data Jan 2024.parquet,data/raw/green/green-01-24.parquet,2024,1,56551,56551,20,21,2026-08-28T06:01:50.312487+00:00,ok
green,Green Trip Data Jan 2025.parquet,data/raw/green/green-01-25.parquet,2025,1,48326,48326,21,21,2026-08-28T06:01:50.765373+00:00,ok
green,Green Trip Data Jan 2026.parquet,data/raw/green/green-01-26.parquet,2026,1,40272,40272,21,21,2026-08-28T06:01:51.218513+00:00,ok
green,Green Trip Data July 2024.parquet,data/raw/green/green-07-24.parquet,2024,7,51837,51837,20,21,2026-08-28T06:01:51.647994+00:00,ok
green,Green Trip Data July 2025.parquet,data/raw/green/green-07-25.parquet,2025,7,48205,48205,21,21,2026-08-28T06:01:52.103870+00:00,ok
green,Green Trip Data June 2024.parquet,data/raw/green/green-06-24.parquet,2024,6,54748,54748,20,21,2026-08-28T06:01:52.563930+00:00,ok
green,Green Trip Data June 2025.parquet,data/raw/green/green-06-25.parquet,2025,6,49390,49390,21,21,2026-08-28T06:01:53.010361+00:00,ok
green,Green Trip Data Mar 2024.parquet,data/raw/green/green-03-24.parquet,2024,3,57457,57457,20,21,2026-08-28T06:01:53.461921+00:00,ok
green,Green Trip Data Mar 2025.parquet,data/raw/green/green-03-25.parquet,2025,3,51539,51539,21,21,2026-08-28T06:01:53.920291+00:00,ok
green,Green Trip Data Mar 2026.parquet,data/raw/green/green-03-26.parquet,2026,3,44208,44208,21,21,2026-08-28T06:01:54.377877+00:00,ok
green,Green Trip Data May 2024.parquet,data/raw/green/green-05-24.parquet,2024,5,61003,61003,20,21,2026-08-28T06:01:54.804082+00:00,ok
green,Green Trip Data May 2025.parquet,data/raw/green/green-05-25.parquet,2025,5,55399,55399,21,21,2026-08-28T06:01:55.264139+00:00,ok
green,Green Trip Data May 2026.parquet,data/raw/green/green-05-26.parquet,2026,5,44921,44921,21,21,2026-08-28T06:01:55.728510+00:00,ok
green,Green Trip Data Nov 2024.parquet,data/raw/green/green-11-24.parquet,2024,11,52222,52222,20,21,2026-08-28T06:01:56.165764+00:00,ok
green,Green Trip Data Nov 2025.parquet,data/raw/green/green-11-25.parquet,2025,11,46912,46912,21,21,2026-08-28T06:01:56.613541+00:00,ok
green,Green Trip Data Oct 2024.parquet,data/raw/green/green-10-24.parquet,2024,10,56147,56147,20,21,2026-08-28T06:01:57.032601+00:00,ok
green,Green Trip Data Oct 2025.parquet,data/raw/green/green-10-25.parquet,2025,10,49416,49416,21,21,2026-08-28T06:01:57.480772+00:00,ok
green,Green Trip Data Sept 2024.parquet,data/raw/green/green-09-24.parquet,2024,9,54440,54440,20,21,2026-08-28T06:01:57.934471+00:00,ok
green,Green Trip Data Sept 2025.parquet,data/raw/green/green-09-25.parquet,2025,9,48893,48893,21,21,2026-08-28T06:01:58.372591+00:00,ok
