date,holiday_name
2024-01-01 00:00:00,New Year's Day
2024-01-15 00:00:00,"Birthday of Martin Luther King, Jr."
2024-02-19 00:00:00,Washington's Birthday
2024-05-27 00:00:00,Memorial Day
2024-06-19 00:00:00,Juneteenth National Independence Day
2024-07-04 00:00:00,Independence Day
2024-09-02 00:00:00,Labor Day
2024-10-14 00:00:00,Columbus Day
2024-11-11 00:00:00,Veterans Day
2024-11-28 00:00:00,Thanksgiving Day
2024-12-25 00:00:00,Christmas Day
2025-01-01 00:00:00,New Year's Day
2025-01-20 00:00:00,"Birthday of Martin Luther King, Jr.; Inauguration Day"
2025-02-17 00:00:00,Washington's Birthday
2025-05-26 00:00:00,Memorial Day
2025-06-19 00:00:00,Juneteenth National Independence Day
2025-07-04 00:00:00,Independence Day
2025-09-01 00:00:00,Labor Day
2025-10-13 00:00:00,Columbus Day
2025-11-11 00:00:00,Veterans Day
2025-11-27 00:00:00,Thanksgiving Day
2025-12-25 00:00:00,Christmas Day
2026-01-01 00:00:00,New Year's Day
2026-01-19 00:00:00,"Birthday of Martin Luther King, Jr."
2026-02-16 00:00:00,Washington's Birthday
2026-05-25 00:00:00,Memorial Day
2026-06-19 00:00:00,Juneteenth National Independence Day
2026-07-03 00:00:00,Independence Day
2026-09-07 00:00:00,Labor Day
2026-10-12 00:00:00,Columbus Day
2026-11-11 00:00:00,Veterans Day
2026-11-26 00:00:00,Thanksgiving Day
2026-12-25 00:00:00,Christmas Day
