Date,Holiday
1/1/24,New Year's Day
1/15/24,"Birthday of Martin Luther King, Jr."
2/19/24,Washington's Birthday
5/27/24,Memorial Day
6/19/24,Juneteenth National Independence Day
7/4/24,Independence Day
9/2/24,Labor Day
10/14/24,Columbus Day
11/11/24,Veterans Day
11/28/24,Thanksgiving Day
12/25/24,Christmas Day
1/1/25,New Year's Day
1/20/25,"Birthday of Martin Luther King, Jr."
1/20/25,Inauguration Day
2/17/25,Washington's Birthday
5/26/25,Memorial Day
6/19/25,Juneteenth National Independence Day
7/4/25,Independence Day
9/1/25,Labor Day
10/13/25,Columbus Day
11/11/25,Veterans Day
11/27/25,Thanksgiving Day
12/25/25,Christmas Day
1/1/26,New Year's Day
1/19/26,"Birthday of Martin Luther King, Jr."
2/16/26,Washington's Birthday
5/25/26,Memorial Day
6/19/26,Juneteenth National Independence Day
7/3/26,Independence Day
9/7/26,Labor Day
10/12/26,Columbus Day
11/11/26,Veterans Day
11/26/26,Thanksgiving Day
12/25/26,Christmas Day